2022-03-16 16:31:24+00:00,1152975090100908032,1504133241397252103,"{'retweet_count': 0, 'reply_count': 0, 'like_count': 0, 'quote_count': 0}",b'Apply this to the Airplane Oxygen Mask Anology: Trump did as advised. Put on your own mask first so that way you can then help others. Biden is useless. Wonderin the cabin half-assedly pretending to help others put on their masks first. He is causing the US to pass out &amp; crash.'
2022-03-16 16:31:24+00:00,1377520028635914243,1504133241309122566,"{'retweet_count': 0, 'reply_count': 0, 'like_count': 0, 'quote_count': 0}",b'As of: Wed Mar 16 09:21:37 2022\n\nAppointments found at CVS locations in San Diego!\n\nSchedule here:\nhttps://t.co/2f80GMQQ8o'
2022-03-16 16:31:24+00:00,2728002146,1504133241044799493,"{'retweet_count': 0, 'reply_count': 0, 'like_count': 0, 'quote_count': 0}","b""Baby, take off your coat\nReal slow\nAnd take off your shoes\nI'll take off your shoes\nBaby, take off your dress\nYes, yes, yes\n\nYou should leave your mask on\nYou should leave your mask on\nYou should leave your mask on"""
2022-03-16 16:31:24+00:00,2203444120,1504133240596144137,"{'retweet_count': 0, 'reply_count': 0, 'like_count': 0, 'quote_count': 0}",b'off mostly games politics mostly concerned \xf0\x9f\x98\xa7 about votes \xf0\x9f\x97\xb3 elections \xf0\x9f\x97\xb3 most POLITICIANS Live World \xf0\x9f\x8c\x8e Lies \xf0\x9f\xa4\xa5 \xf0\x9f\x92\xb5 Corruption \xf0\x9f\x92\xb0 Virus \xf0\x9f\xa6\xa0 Never Left Still Out There Unknowns Coming Trust Me. Something is Coming I am No Only One believe and Agreed\xc2\xa0\xc2\xa0https://t.co/FZeLqKGFcu'
2022-03-16 16:31:24+00:00,30890033,1504133239518244866,"{'retweet_count': 0, 'reply_count': 0, 'like_count': 0, 'quote_count': 0}",b'What\xe2\x80\x99s covid https://t.co/OOCeNqsQvl'
2022-03-16 16:31:24+00:00,1308851421761081344,1504133238586953730,"{'retweet_count': 0, 'reply_count': 0, 'like_count': 0, 'quote_count': 0}",b'@jlyons1264 @hlphoenix @POTUS Actually most of the drunking spending was prepandimic. Trump was well on his way to blowing $8trillion before pandemic.\nYeah do you remember what obama was faced with the day he took office.  Complete meltdown of economy https://t.co/xlkiyt3zz1'
2022-03-16 16:31:23+00:00,38243418,1504133237676945411,"{'retweet_count': 0, 'reply_count': 0, 'like_count': 0, 'quote_count': 0}","b'Disgraced ex-NY Governor Andrew Cuomo is accused by state audit of deliberately excluding 4,000 ... https://t.co/gjUyHVzaoB via @MailOnline'"
2022-03-16 16:31:23+00:00,1450938871223570433,1504133235474845698,"{'retweet_count': 0, 'reply_count': 0, 'like_count': 0, 'quote_count': 0}","b""@peaceisactive @Orion96603782 @Nerpho74 @EmersenLee But, wasn't the BULK of the increase due to pandemic spending?"""
2022-03-16 16:31:23+00:00,1329068985829167107,1504133234090782721,"{'retweet_count': 0, 'reply_count': 0, 'like_count': 0, 'quote_count': 0}",b'Covid over If you still catching Covid something wrong'
2022-03-16 16:31:22+00:00,1457477774436802561,1504133233239199750,"{'retweet_count': 0, 'reply_count': 1, 'like_count': 0, 'quote_count': 0}","b'""leaders, organizers, instigators and accomplices"" who aided, abetted or actively participated in the formulation and execution of a common plan for a pandemic. This investigation is of the people, by the people and for the people, so YOU can be part of the jury.'"
2022-03-16 16:31:22+00:00,1223628273533370369,1504133233193148420,"{'retweet_count': 0, 'reply_count': 0, 'like_count': 0, 'quote_count': 0}",b'@BillyMcWillia12 @mandarino_monte Sprinkle in 2000 Covid deaths and the after affects like the debilitating strokes two of my friends have had.'
2022-03-16 16:31:22+00:00,1369769832183443460,1504133232979288071,"{'retweet_count': 0, 'reply_count': 0, 'like_count': 0, 'quote_count': 0}",b'@WC3JnLzhRzzQ5rz @lvivskiy8 @KyivIndependent I and many others admired how effectively China handled COVID. We were allowed to see that -- by China. Perhaps China should allow us to see more achievements.'
2022-03-16 16:31:22+00:00,2180954022,1504133232589111296,"{'retweet_count': 0, 'reply_count': 0, 'like_count': 0, 'quote_count': 0}",b'@JustinTrudeau Hopefully foreign governments sanction you until your drop these covid mandates.'
2022-03-16 16:31:22+00:00,1457477774436802561,1504133230433226755,"{'retweet_count': 0, 'reply_count': 1, 'like_count': 0, 'quote_count': 0}",b'Grand Jury\n***A group of international lawyers and a judge are conducting criminal investigation modelled after the United States Grand Jury proceedings in order to present to the public all available evidence of COVID-19 Crimes Against Humanity to date against'
2022-03-16 16:31:22+00:00,1383870739305037831,1504133230013861905,"{'retweet_count': 0, 'reply_count': 0, 'like_count': 0, 'quote_count': 0}","b""@FatEmperor They do. They've already done so before Covid, so this really isn't a surprise. \xf0\x9f\x87\xa9\xf0\x9f\x87\xaa government still trying to push mandatory vaccination for all &gt; 18. It's already mandatory for health care workers, &amp; they will likely be successful with mandatory Covid vaccines for those &gt; 50."""
2022-03-16 16:31:21+00:00,735497173,1504133229401436162,"{'retweet_count': 0, 'reply_count': 0, 'like_count': 0, 'quote_count': 0}","b'This is not OK. San Francisco teachers, para-educators, social workers, school nurses, school nutrition workers, security staff, clerks, and admin have been on the front lines of this pandemic. This is not how they deserve to be treated. @UESF @SFUnified https://t.co/LQYOMXXLSV'"
2022-03-16 16:31:21+00:00,1457558434044203013,1504133228659052546,"{'retweet_count': 0, 'reply_count': 0, 'like_count': 0, 'quote_count': 0}",b'Daylight savings time is a COVID victim. 9 AM winter sunrises are now more palatable because so many people work from home and wake up 5 minutes before their 9:30 meeting'
2022-03-16 16:31:21+00:00,59208585,1504133228613017604,"{'retweet_count': 0, 'reply_count': 0, 'like_count': 0, 'quote_count': 0}",b'COVID-19 Testing and Case Data  https://t.co/58jNHZgbY5'
2022-03-16 16:31:21+00:00,1457477774436802561,1504133227488763907,"{'retweet_count': 0, 'reply_count': 1, 'like_count': 0, 'quote_count': 0}",b'#FYI: Grand Jury COVID Crimes Trial Has Started: Day 1 Presentation Transcript\nContext: Private Tribunals of Conscience\nhttps://t.co/GfdjgcdDwT'
2022-03-16 16:31:21+00:00,1028321523445186561,1504133226989768717,"{'retweet_count': 0, 'reply_count': 0, 'like_count': 0, 'quote_count': 0}","b'Reasons to be cheerful:\n1. If the season was decided on ppg due to another pandemic or nuclear war, #ntfc would finish 3rd.\n2. In the absence of 1 above, in form Bristol Rovers have the toughest run in. https://t.co/Ni0KNi4Sdv'"
2022-03-16 16:31:21+00:00,1442548154293882881,1504133226880815106,"{'retweet_count': 0, 'reply_count': 0, 'like_count': 0, 'quote_count': 0}",b'@Adrenaline_50 @City_Press Do you really think the pandemic was planned? Why?\n#VaxxedForAfrica'
2022-03-16 16:31:21+00:00,768213937,1504133226868224000,"{'retweet_count': 0, 'reply_count': 0, 'like_count': 0, 'quote_count': 0}",b'I had a custie the other day like puking and crying \xe2\x80\x9cI\xe2\x80\x99m SO glad the lifted the mask mandate!!! \xf0\x9f\x98\xad\xf0\x9f\x98\xad\xf0\x9f\x98\xad\xe2\x80\x9d ummm\xe2\x80\xa6 so anyway anything to drink\xe2\x80\xa6?! https://t.co/Hlyk9PRLVw'
2022-03-16 16:31:21+00:00,1341216450363748353,1504133226536726536,"{'retweet_count': 0, 'reply_count': 0, 'like_count': 0, 'quote_count': 0}",b'Wasting my time to sleep so I can have genuine alone time. Fucking love living with my fianc\xc3\xa9 but sometimes the lack of any isolation really fucking sucks'
2022-03-16 16:31:21+00:00,1323656141012979715,1504133226469765122,"{'retweet_count': 0, 'reply_count': 0, 'like_count': 0, 'quote_count': 0}",b'His PR mask that paints him to be a nice person is finally slipping. He\xe2\x80\x99s an egomaniac that thinks he\xe2\x80\x99s all that. I hope he leaves the club soon. https://t.co/a3IT3ZgIQO'
2022-03-16 16:31:21+00:00,148438899,1504133226381651975,"{'retweet_count': 0, 'reply_count': 0, 'like_count': 0, 'quote_count': 0}","b'@SusanWD4 @anonymousRN12 @Linda11119465 @cg_canning Oh, Susan. I\xe2\x80\x99ve been working &amp; providing care directly to covid patients since it all started in March 2020. If you want to talk about catching covid &amp; die, I\xe2\x80\x99ve got a few to share with you. But keep going. I love seeing that there are still people who take covid very seriously.'"
2022-03-16 16:31:21+00:00,1346218095774461952,1504133225504989185,"{'retweet_count': 0, 'reply_count': 0, 'like_count': 0, 'quote_count': 0}",b'@GBNEWS Well how else will the roll out the digital IDs without the Vaccine Pass - the WHO is pushing to launch a global vaccine Digital ID'
2022-03-16 16:31:21+00:00,1254449478,1504133225500884995,"{'retweet_count': 0, 'reply_count': 0, 'like_count': 0, 'quote_count': 0}","b'91,345 new coronavirus cases today \n153 more people have died \n#JohnsonOut #NotFitToGovern #Covid19 #EnoughIsEnough https://t.co/l9hMOvcHsY'"
2022-03-16 16:31:20+00:00,1457477774436802561,1504133224745750528,"{'retweet_count': 0, 'reply_count': 1, 'like_count': 0, 'quote_count': 0}",b'Grand Jury COVID Crimes Trial Has Started: Presentations &amp; Transcripts\nhttps://t.co/W1j4r6jg8U'
2022-03-16 16:31:20+00:00,1425719568,1504133224078974979,"{'retweet_count': 0, 'reply_count': 0, 'like_count': 0, 'quote_count': 0}",b'@ntvkenya You wasted over 2b on BBI bullshit while Covid was ravaging the country. You enjoyed with the masters while your own suffered.'
2022-03-16 16:31:20+00:00,1302336899353370625,1504133223953190917,"{'retweet_count': 0, 'reply_count': 0, 'like_count': 0, 'quote_count': 0}",b'@Gogy__Innit @dteambark you make the mask tho'
2022-03-16 16:31:20+00:00,1308348141507407879,1504133221851832327,"{'retweet_count': 0, 'reply_count': 0, 'like_count': 0, 'quote_count': 0}","b'Maryland \xf0\x9f\xa6\x80 COVID-19 current stats for Wed Mar 16 2022\n\nCases: 1,007,040\nDeaths: 14,271\nRecovered: 0\nActive: 0\nTests: 19,199,017\nDoses: 11,601,427\n\n#covid_maryland\nhttps://t.co/liJbsiMW2E https://t.co/bCtaT1pjWW'"
2022-03-16 16:31:20+00:00,1500920216649441285,1504133221679869963,"{'retweet_count': 0, 'reply_count': 1, 'like_count': 0, 'quote_count': 0}","b""I AM BUSH \n\nPSYCHO NAZI GAMES \n\nHOSTAGE ISOLATION TORTURE ANGUISH PERSECUTION UNIMAGINABLE CRUELTY\nIDENTITIES INHERITANCE ROYALTIES BOTH SIDES \nTHEIF'S \n\nHOSTAGE SINCE RAPE O INFANTILE CHILD RAPISTS GENOCIDERS WITH MU LEMURI MYSTERY JEW ESPIONAGE RUSKIE  CARPATHIAN ESPIONAGE"""
2022-03-16 16:31:20+00:00,1395354503130591235,1504133221558194188,"{'retweet_count': 0, 'reply_count': 0, 'like_count': 0, 'quote_count': 0}",b'PORTFOLIO LINK is given below\n#tuesdayvibe #Chark #Browns #Kihyun #Slovenia #Lakers #yeonjun #jongin #GetWellSoonKai #Jokic #BTS #BTC #Bitcoin #Israel #Binance #BNB #Cryptos #BTSJIN #DeFi #COVID19 #Corona #Kharkiv #kyutaeoppa #PS5 #IPL #Solana #Metaverse https://t.co/P4Lvn1YqSo'
2022-03-16 16:31:20+00:00,1675394994,1504133221281370113,"{'retweet_count': 0, 'reply_count': 0, 'like_count': 0, 'quote_count': 0}","b'@SaraLeghari Literally went out Saturday night I arrived to celebrate, did nothing else lmao. Goes to one bar in a new city, immediately gets covid, you lo e to see it'"
2022-03-16 16:31:19+00:00,356284160,1504133221004414978,"{'retweet_count': 0, 'reply_count': 0, 'like_count': 0, 'quote_count': 0}",b'@kurt_thoemke @nathaliejacoby1 Ukraine and Ukrainian\xe2\x80\x99s are an inspiration indeed ! After the pandemic we are witnessing real life battle of Good versus Evil !'
2022-03-16 16:31:19+00:00,24094444,1504133220459327490,"{'retweet_count': 0, 'reply_count': 0, 'like_count': 0, 'quote_count': 0}","b'NYC\xe2\x80\x99s Adams could ruin Mets, Yankees seasons with unnecessary, inconsistent COVID vaccine mandate (opinion) https://t.co/g0Gc1eMFld'"
2022-03-16 16:31:19+00:00,1503634376256811008,1504133220303978500,"{'retweet_count': 0, 'reply_count': 0, 'like_count': 0, 'quote_count': 0}","b'I wish this project success sir, and they become one of the best cryptos, I am enthusiastic to participate in this and also support it.\n\xf0\x9f\x9a\x80\xf0\x9f\x9a\x80  \xf0\x9f\x9a\x80\xf0\x9f\x9a\x80 \n@UnitedLucknowi\n@viv3k_kumar\n@mohitk9927\n#airdrop #metamask #maskdao #mask https://t.co/A7Kh4g8quU'"
2022-03-16 16:31:19+00:00,835553228,1504133218815160330,"{'retweet_count': 0, 'reply_count': 0, 'like_count': 0, 'quote_count': 0}","b'@JoanieOC @K_Sheldrick Excess mortality correlates to Covid, not to vaccines.\nEverywhere.\nhttps://t.co/IUp2bHD5oc'"
2022-03-16 16:31:19+00:00,1497928439399075843,1504133217330282501,"{'retweet_count': 0, 'reply_count': 0, 'like_count': 0, 'quote_count': 0}",b'@lsferguson - Inflation soaring\n- Worst border crisis in U.S. history\n- Crime out of control in cities\n- Supply chain broken\n- More COVID deaths than 2020\n- High gas prices\n- Terrorists got an'
2022-03-16 16:31:18+00:00,298070226,1504133216814338049,"{'retweet_count': 0, 'reply_count': 0, 'like_count': 0, 'quote_count': 0}",b'@leeverha67 @LukeMixonLA @JasonIsbell @iamyola Yola is so damn good! Not one bad song on her two albums. We saw her just before the pandemic...what a show! That Isbell guy is pretty good too\xf0\x9f\x99\x83.'
2022-03-16 16:31:18+00:00,971383663819743232,1504133215589748737,"{'retweet_count': 0, 'reply_count': 0, 'like_count': 0, 'quote_count': 0}","b'@MrGlass61145253 @fletty1974 He\'s clearly got an axe to grind with the establishment. \n\n""She frames her husband as a genius scientist who is \xe2\x80\x9clargely unknown by the scientific establishment because of abuses by individuals to secure their own place in the history books.""""\n\nhttps://t.co/TRCuGH6L0z'"
2022-03-16 16:31:18+00:00,815285747645288449,1504133215455485952,"{'retweet_count': 0, 'reply_count': 0, 'like_count': 0, 'quote_count': 0}","b'""Colorado employment counts nearly back to pre-pandemic levels"" #denver https://t.co/HF7LfgWRyx'"
2022-03-16 16:31:18+00:00,1153951069887766528,1504133214222364675,"{'retweet_count': 0, 'reply_count': 0, 'like_count': 0, 'quote_count': 0}","b""@J4cobite @manclesley @AndrewBowie_MP No source? Its the official UK Government Covid Dashboard (which the FT says it uses...)! \nOnly difference is that the dashboard is 7-day Total Cases and the FT uses a 7 day rolling average.\nToday's update: \nEngland 1507 \nScotland 580"""
2022-03-16 16:31:18+00:00,1929693582,1504133213484208145,"{'retweet_count': 0, 'reply_count': 0, 'like_count': 0, 'quote_count': 0}",b'@BraydenWyatt_ @The__Cooler @KyrieIrving \xe2\x80\xa6Or people would die of fucking COVID? Did we forget that happened?'
2022-03-16 16:31:18+00:00,390991409,1504133213349945347,"{'retweet_count': 0, 'reply_count': 0, 'like_count': 0, 'quote_count': 0}",b'Haven\xe2\x80\x99t gotten to step on a lacrosse field or floor for just over 2 years due to the pandemic. Things have never felt so right\xf0\x9f\xa4\x9f @TorontoRockLax @PLLChaos #TryLacrosseDayThunderBay https://t.co/X6XnhOCtSr'
2022-03-16 16:31:17+00:00,1049013187142545408,1504133210439041024,"{'retweet_count': 0, 'reply_count': 0, 'like_count': 0, 'quote_count': 0}",b'plz keep your mask on not for covid but for Ramadan breath'
2022-03-16 16:31:17+00:00,1236681550030180357,1504133209449136130,"{'retweet_count': 0, 'reply_count': 0, 'like_count': 0, 'quote_count': 0}",b'Omicron is like Covid-19\xe2\x80\x99s fart.'
2022-03-16 16:31:16+00:00,1136465514073432064,1504133208354418691,"{'retweet_count': 0, 'reply_count': 0, 'like_count': 0, 'quote_count': 0}",b'@MaterialPenske @SephBri U need a 4th it might be the one that stops the covid lol the shot was a scam from the start'
2022-03-16 16:31:16+00:00,18692078,1504133206890713088,"{'retweet_count': 0, 'reply_count': 0, 'like_count': 0, 'quote_count': 0}","b""@badmachinery Of course John, and don't worry, I'll also be wearing a mask on the big night https://t.co/aOFK13CmGe"""
2022-03-16 16:31:16+00:00,1455957420635824138,1504133205657591825,"{'retweet_count': 0, 'reply_count': 0, 'like_count': 0, 'quote_count': 0}",b'I don\xe2\x80\x99t believe we\xe2\x80\x99re done with the effort to force \xe2\x80\x9cvaccination.\xe2\x80\x9d They\xe2\x80\x99ve learned and will try again. The right to bodily autonomy and medical freedom must be fortified. https://t.co/2E7gSMlhVL'
2022-03-16 16:31:16+00:00,1152035260831535105,1504133204755759109,"{'retweet_count': 0, 'reply_count': 0, 'like_count': 1, 'quote_count': 0}","b""I'm not suprised they're lifting all the Covid restrictions. I'm more suprised that they pretended to care this long."""
2022-03-16 16:31:16+00:00,1424377285440909321,1504133204739039232,"{'retweet_count': 0, 'reply_count': 0, 'like_count': 0, 'quote_count': 0}",b'Basically same exact thesis from crypto influenzas\n\nNow is the time for numba to go up because it \xe2\x80\x9cfeels\xe2\x80\x9d like initial bottom post initial COVID news in 2020 and influenzas say it\xe2\x80\x99s time to go up.  And Fed is now \xe2\x80\x9cbullish\xe2\x80\x9d\n\n\xf0\x9f\xa4\xb7\xe2\x80\x8d\xe2\x99\x82\xef\xb8\x8fGood luck to bulls here https://t.co/hEaXb2ZoiM'
2022-03-16 16:31:16+00:00,543953959,1504133204323835908,"{'retweet_count': 0, 'reply_count': 0, 'like_count': 0, 'quote_count': 0}","b'Did you know? The average size of new single-family homes is now 2,537 square feet.\n\nhttps://t.co/XuPEXaajXj \n\n#realestate #housing #greatrecession #pandemic #COVID19 #homesize #homespace #hometrends #realtor #florida #floridarealtor #LiveSouthFL #LiveSouthFloridaRealty'"
2022-03-16 16:31:15+00:00,1714536386,1504133204273364996,"{'retweet_count': 0, 'reply_count': 0, 'like_count': 0, 'quote_count': 0}","b""@RidinThePlanet @neomort @Chattavegas53 @michaelmalice I won't bore you with how many replies I came up with about making a choice not to get COVID. At the end of the day, LMFAO is the only possible response ."""
2022-03-16 16:31:15+00:00,806601374,1504133204265082885,"{'retweet_count': 0, 'reply_count': 0, 'like_count': 0, 'quote_count': 0}","b'In this conversation about service disruptions &amp; vaccine mandates, there are no winners if we continue down a path of hardline positions. We cannot afford to trade service for safety, or safety for service: we need both.\n\nRead our call for compromise here: https://t.co/IPmdeFGGw3'"
2022-03-16 16:31:15+00:00,1399089586366726151,1504133203858280452,"{'retweet_count': 0, 'reply_count': 0, 'like_count': 0, 'quote_count': 0}",b'@Otunbaolosho @hello_NBP Best booster'
2022-03-16 16:31:15+00:00,1316358438708969472,1504133202511859717,"{'retweet_count': 0, 'reply_count': 0, 'like_count': 0, 'quote_count': 0}","b""My reporting date is on 21st which is on Monday, and Monday's on east is lockdown, can I go on Tuesday? https://t.co/qpVo5aB59m"""
2022-03-16 16:31:15+00:00,2769473164,1504133201438121993,"{'retweet_count': 0, 'reply_count': 0, 'like_count': 0, 'quote_count': 0}","b'Unvaccinated New York baseball players can\xe2\x80\x99t play in home games, BUT they can:\n\nPlay road games and get/spread COVID \nAttend spring training and train with teammates \nWorkout with teammates\nHang in the dugout/clubhouse(confined areas)\nGet dinner with teammates \n\nYeah, makes sense'"
2022-03-16 16:31:15+00:00,1345564640839954434,1504133201245179907,"{'retweet_count': 0, 'reply_count': 0, 'like_count': 0, 'quote_count': 0}","b'@nprpolitics No other ""#vaccines"" comes close to having these many publications. This is why #COVAXIN IS THE BEST. All transparency with nothing to hide unlike #Pfizer, which you\'d have to wait 75 years for all of their data for their #Covid19 ""vaccine"". https://t.co/JIQOOTpOg7'"
2022-03-16 16:31:15+00:00,1179792995488587777,1504133200930643972,"{'retweet_count': 0, 'reply_count': 0, 'like_count': 0, 'quote_count': 0}",b'@fehzan1 @LukeGromen @thesiriusreport Also Zoom. People thought the pandemic will be forever and every human being was going to pay for a subscription \xf0\x9f\xa4\xa3\n\nIf you get what people think has value you can make a lot of money. And only history will prove is those prices were right or wrong!'
2022-03-16 16:31:15+00:00,1641790604,1504133200682971140,"{'retweet_count': 0, 'reply_count': 0, 'like_count': 0, 'quote_count': 0}","b""A kingdom of isolation, and it looks like I'm the queen"""
2022-03-16 16:31:15+00:00,1449096539717181441,1504133200322379783,"{'retweet_count': 0, 'reply_count': 0, 'like_count': 0, 'quote_count': 0}","b""@TheDukeofHagar It's probably what they are calling Covid. But actually isn't covid anymore. Same here 3 days I was better. I know others used ivermectin with great results. Yes out of a horse tube because government made impossible for doctors to use it why??? Taste like shit but works no issue"""
2022-03-16 16:31:13+00:00,1385479066111909888,1504133195868090376,"{'retweet_count': 0, 'reply_count': 0, 'like_count': 0, 'quote_count': 0}",b'Official data: Fully vaccinated people account for 9 of 10 COVID deaths\n\nhttps://t.co/t9QE99jZtn'
2022-03-16 16:31:13+00:00,270078289,1504133195280916490,"{'retweet_count': 0, 'reply_count': 0, 'like_count': 0, 'quote_count': 0}","b'@eliaslisandromf @ChrisCotillo I am, weird assumption to make bro lmfao it\xe2\x80\x99s just bizarre to report a player injury and including his vaccination status - regardless of whether or not it matters where he\xe2\x80\x99ll be allowed to play, this is an injury report and it\xe2\x80\x99s just a weird thing to include lmfao'"
2022-03-16 16:31:13+00:00,380027874,1504133194911821825,"{'retweet_count': 0, 'reply_count': 0, 'like_count': 0, 'quote_count': 0}",b'I had to login to my work computer to see where tf my funds at.. whole time they done tried to give me another extension for my vaccination card'
2022-03-16 16:31:13+00:00,4836119063,1504133194144178181,"{'retweet_count': 0, 'reply_count': 0, 'like_count': 0, 'quote_count': 0}","b'It is not only happening during a pandemic, unfortunately, the punishment of the role of women in science. Policymakers should be aware of that and create a more sustainable research ecosystem where women can flourish. https://t.co/B50waHyJ10'"
2022-03-16 16:31:13+00:00,1487991844281536513,1504133193615790085,"{'retweet_count': 0, 'reply_count': 0, 'like_count': 0, 'quote_count': 0}","b""@LittleGoatCR @twpiggott Well said @LittleGoatCR I don't care if you've banged a goat @twpiggott. Keep wearing your mask if you want, but it doesn't make you an expert on sweet FA."""
2022-03-16 16:31:13+00:00,50463387,1504133192156033025,"{'retweet_count': 0, 'reply_count': 0, 'like_count': 0, 'quote_count': 0}",b'@wealth_turtle $CEMI. Chembio Diagnostics.\nHeavy insider buying.\n\nTrading below cash value. 40% of book value.\n\nAwaiting approvals on two Covid tests and a C.L.I.A. for its dual HIV-SYPHILIS test.\n\nPotential takeover target at 5X.\n\n$DGX?  $TAK?  $AZN?  $JNJ?\n\nBuy before the next p.r. https://t.co/T9vZnThrNt'
2022-03-16 16:31:13+00:00,4196133142,1504133192034496518,"{'retweet_count': 0, 'reply_count': 0, 'like_count': 0, 'quote_count': 0}","b'@RepAndyBiggsAZ @RepThomasMassie Now do vaccines\nEmployers are still requiring these vaccines to get a job\nA job isn\xe2\x80\x99t a choice, it\xe2\x80\x99s a fundamental basic to live in our civilization\n\nYou can take a mask off\nHow do you remove viral vector with DNA sequence or nano particles or whatever is injected?'"
2022-03-16 16:31:12+00:00,2247518942,1504133190973374466,"{'retweet_count': 0, 'reply_count': 0, 'like_count': 0, 'quote_count': 0}","b""You may be tired of #COVID19 &amp; masking, etc., but that doesn't make it go away. We need to #GetVaccinated #GetBoosted #WearAMask because of as of today 6,076,243 have died world-wide and in the U.S. 992,302. People are still getting infected and dying. The pandemic is NOT over."""
2022-03-16 16:31:12+00:00,24972610,1504133190230835204,"{'retweet_count': 0, 'reply_count': 0, 'like_count': 0, 'quote_count': 0}",b'President Biden signed a massive spending package yesterday \xe2\x80\x94 but what does that mean for Santa Barbara and surrounding communities? \n\nTake a look here: https://t.co/c8M85mkvVW'
2022-03-16 16:31:12+00:00,962725727950049281,1504133190201458688,"{'retweet_count': 0, 'reply_count': 0, 'like_count': 0, 'quote_count': 0}","b'Covid-19 Watch: 26,534 new infections recorded, 3,872,135 cumulative total https://t.co/MDdaQlBKiY'"
2022-03-16 16:31:12+00:00,524008485,1504133187911680002,"{'retweet_count': 0, 'reply_count': 0, 'like_count': 0, 'quote_count': 0}","b'17.03.2022 - 2 years ago, last day sebelum Malaysia go on total lockdown. First announcement of PKP. We all thought it was just a harmless 2 weeks vacation. Covid said sike.'"
2022-03-16 16:31:12+00:00,1475342085620305923,1504133187504549891,"{'retweet_count': 0, 'reply_count': 0, 'like_count': 0, 'quote_count': 0}","b'@BrunoTheGreat32 @Jim_Jordan Is this supposed to be ironic? You ignoring a problem for every American while deflecting to covid, which is your excuse for everything?\n\nIf so, bravo.'"
2022-03-16 16:31:11+00:00,23847371,1504133187282378758,"{'retweet_count': 0, 'reply_count': 0, 'like_count': 0, 'quote_count': 0}",b'A covid surge in Western Europe has U.S. bracing for another wave https://t.co/rx8dUfZfKH'
2022-03-16 16:31:11+00:00,1516112497,1504133186804240390,"{'retweet_count': 0, 'reply_count': 0, 'like_count': 0, 'quote_count': 0}","b""The covid situation makes me so sad, mad, tired, scared... Constantly being around people that think it's over and think that I'm overreacting &amp; wanting to do well for my extremely vulnerable parent who I wanna keep seeing. I'm so sick of covid AND sick of people who dgaf anymore https://t.co/UCZAmGfIWb"""
2022-03-16 16:31:11+00:00,1095657764595122176,1504133184341958658,"{'retweet_count': 0, 'reply_count': 0, 'like_count': 0, 'quote_count': 0}","b'@ctvottawa Has the world wide pandemic ended? If so,  please tell WHO to announce it publicly.'"
2022-03-16 16:31:11+00:00,1471269040173813760,1504133183746592768,"{'retweet_count': 0, 'reply_count': 0, 'like_count': 0, 'quote_count': 0}","b'Great Britian: All Covid measures for travellers, including passenger locator forms and the requirement that unvaccinated people be tested before and after arriving is ending on Friday. Canada? Trudeau is busy meddling with Ukraine.'"
2022-03-16 16:31:10+00:00,1477522470097854464,1504133182492491777,"{'retweet_count': 0, 'reply_count': 0, 'like_count': 0, 'quote_count': 0}","b'@teddyyzone ngl, shes weird all around, saying that covid is fake, telling everyone that the covid safety rules have ended because of the war in ukraine, etc. She yells at everyone if she doesnt get her way and will literally not show up because shes tired. 1/2.'"
2022-03-16 16:31:10+00:00,860370451,1504133182265958404,"{'retweet_count': 0, 'reply_count': 0, 'like_count': 0, 'quote_count': 0}",b'@latkedelrey sprinkling a little covid on my lunch for the flavor'
2022-03-16 16:31:10+00:00,432591837,1504133179531268105,"{'retweet_count': 0, 'reply_count': 0, 'like_count': 0, 'quote_count': 0}",b'@Realstylz It managed to remove the noise which was being interpreted by the charlatans  as from God . Covid_19  cleared and now there is no noise from God to his people. Season dzekunyepa dzakapera.\nMwari vakazvipengera. Now we know  kuti we are humans  after all .'
2022-03-16 16:31:09+00:00,1156815567694815232,1504133178545434625,"{'retweet_count': 0, 'reply_count': 0, 'like_count': 1, 'quote_count': 0}","b'\xe2\x80\x9cmaybe i shouldn\xe2\x80\x99t have taken the vaccine if kyrie putting up these number\n\nyou not kyrie bruh, you ain\xe2\x80\x99t getting no bitches, you ain\xe2\x80\x99t scorin no 41 pts in 1 half if you got negative vaccines, you ain\xe2\x80\x99t touching grass shut yo bitch ass up \xf0\x9f\x92\x80'"
2022-03-16 16:31:09+00:00,948071450484846593,1504133178444894217,"{'retweet_count': 0, 'reply_count': 0, 'like_count': 0, 'quote_count': 0}",b'@NorthmanTrader Sanctions on Russian commodities going to make living lot harder in poor countries as wealthy nations will bid up prices of left over commodities supply. Poor nations are silent victims of US sanctions. Most poor people have already runout of saved resources in Covid Lockdown.'
2022-03-16 16:31:09+00:00,15652540,1504133177807278080,"{'retweet_count': 0, 'reply_count': 0, 'like_count': 0, 'quote_count': 0}",b'COVID exposure cancels Theranos exec Sunny Balwani opening statements https://t.co/HpvhZVD7nG https://t.co/UUHYwaPJaN'
2022-03-16 16:31:09+00:00,365622166,1504133176737898498,"{'retweet_count': 0, 'reply_count': 0, 'like_count': 0, 'quote_count': 0}","b'""\'Mortals\' hypothesises that worse could be to come-our unconscious dread of death has led to rampant consumerism and overpopulation, driving the global warming and pandemic crises... Homo sapiens may be destroyed by our knowledge of our own mortality.""\nhttps://t.co/TJM8vOTwWW https://t.co/fCrqlzug3W'"
2022-03-16 16:31:09+00:00,383313227,1504133176490397700,"{'retweet_count': 0, 'reply_count': 0, 'like_count': 0, 'quote_count': 0}","b'@Ericdun19416783 @TJ07052020 Bingo, they will pretend cases are too high again and they will need to take action, stay home protect the nhs blah blah blah the covid pantomime will resurface and the sheep will fall for it all over again'"
2022-03-16 16:31:09+00:00,1235292700687192064,1504133176125497349,"{'retweet_count': 0, 'reply_count': 0, 'like_count': 0, 'quote_count': 0}","b'Notable Open interest variation spotted on : $MASK\n\nOI decreased by 3.84% these last 5 minutes! \n\nMore than 333,727$ taken away.\xe2\xac\x87\xef\xb8\x8f'"
2022-03-16 16:31:08+00:00,81133612,1504133172497367044,"{'retweet_count': 0, 'reply_count': 0, 'like_count': 0, 'quote_count': 0}",b'The Security Incident Report Q4 2021 provides an overview of global security incidents. Learn more from Anna Walker about Covid-related civil unrest in Germany.  Subscribe to our Report here: https://t.co/c5dPdV4otQ\n#Security #GlobalIncidents #PredictiveIntelligence #Germany https://t.co/KJnh8e85Bh'
2022-03-16 16:31:08+00:00,311439832,1504133171918561294,"{'retweet_count': 0, 'reply_count': 0, 'like_count': 0, 'quote_count': 0}","b""@PalmerReport I'd like to know how Covid affected his troops. Of course, we'll never see the (true) Covid numbers out of Russia, but I wonder how much of an impact it had."""
2022-03-16 16:31:08+00:00,1407675061222445058,1504133171079749635,"{'retweet_count': 0, 'reply_count': 0, 'like_count': 0, 'quote_count': 0}","b'@ToniaBuxton She probably just chose to get vaccinated. Complications of medicine are not new, where are your tweets about all the aspirin deaths each year asking if they were \xe2\x80\x98coerced\xe2\x80\x99? You have so much compassion for rare vaccine complications, so little for kids dying from covid.'"
2022-03-16 16:31:08+00:00,551628768,1504133170966409219,"{'retweet_count': 0, 'reply_count': 0, 'like_count': 0, 'quote_count': 0}","b'Join us this Fri., 3/18 in support of Cindy Chavez, for #SanJose Mayor. \n\n@chavezformayor is a champion for diversity, equity, and social justice, a loyal friend to the #AAPI community, &amp; fierce leader in guiding Santa Clara County through COVID-19. https://t.co/LZ7tzEHD9q'"
2022-03-16 16:31:07+00:00,402088075,1504133169980846088,"{'retweet_count': 0, 'reply_count': 0, 'like_count': 0, 'quote_count': 0}",b'We are sending home with each student today - two rapid test kits. These are intended for student use only. These should be used if the child develops Covid symptoms or if they are a close contact of someone with Covid.'
2022-03-16 16:31:07+00:00,1263269562314903552,1504133169938935817,"{'retweet_count': 0, 'reply_count': 0, 'like_count': 0, 'quote_count': 0}","b'@yosoygroot82 @ekylef @cnnbrk No, it would be the 4th. Yet you don\xe2\x80\x99t seem to complain every flu season. Theres a flu season and annual vaccine, for the exact same reason: new version of the virus that needs a specified vaccine to be as strong as possible'"
2022-03-16 16:31:07+00:00,1353758379160834051,1504133169796333568,"{'retweet_count': 0, 'reply_count': 0, 'like_count': 0, 'quote_count': 0}",b'Good news everyone omicron was the last variant anyway \xf0\x9f\xa4\xa1 https://t.co/8KczLyidp2 https://t.co/EcVCHbiWx4'
2022-03-16 16:31:07+00:00,1487090413190225923,1504133168319844360,"{'retweet_count': 0, 'reply_count': 0, 'like_count': 0, 'quote_count': 0}",b'Scientists recruit Nipah survivors in bid to create first vaccine https://t.co/2X7HpRZ6W2'
2022-03-16 16:31:07+00:00,141658292,1504133166973571080,"{'retweet_count': 0, 'reply_count': 0, 'like_count': 0, 'quote_count': 0}","b'Personally? Maybe not? Symptoms wise. \nThere will be a difference for me. Professionally, as a frontline worker, one positive can cause an outbreak to my patients, their families, my coworkers. I cannot have that on me. We are already severely understaffed Cos of the pandemic. https://t.co/BOMNcg7LgH'"
2022-03-16 16:31:06+00:00,2567113038,1504133165971124224,"{'retweet_count': 0, 'reply_count': 0, 'like_count': 0, 'quote_count': 0}","b""@Yankeelibrarian Exactly, that's the point of the vaccine to it's never going to make covid go away, but it's to stop people from becoming deathly ill and overwhelming hospitals. What he's doing here is absolutely shameful, especially when we don't know the whole story."""
2022-03-16 16:31:06+00:00,41933175,1504133165518139395,"{'retweet_count': 0, 'reply_count': 0, 'like_count': 0, 'quote_count': 0}","b""Listening to people's commentary on covid is still so worrisome."""
2022-03-16 16:31:06+00:00,1008340728114601984,1504133165106884614,"{'retweet_count': 0, 'reply_count': 0, 'like_count': 0, 'quote_count': 0}","b'@statesdj @lisa_iannattone Hat tip @Marco_Piani for the tragic graph demonstrating the challenges, past, current and future\n.\nFor every death, there are 10 disabled through long Covid\n.\nDisabilities manifest in premature aging of heart, brain, kidney, liver, leading to premature deaths\n.\n2020 data below https://t.co/XihK7sAvxN'"
2022-03-16 16:31:06+00:00,114124512,1504133164331020288,"{'retweet_count': 0, 'reply_count': 0, 'like_count': 0, 'quote_count': 0}","b""Today's vaccination locations are posted on our website! Visit https://t.co/OhUAeJJMri for information on locations, hours, how to register, and if walk-ins are available. \n\n#HRSA #COVID19 #VaccineEducation #COVIDvaccine #WORLD #oakland #bayarea #nonprofit https://t.co/8kzwPSEhBn"""
2022-03-16 16:31:06+00:00,135599832,1504133163580338177,"{'retweet_count': 0, 'reply_count': 0, 'like_count': 0, 'quote_count': 0}",b'@covid_parent @MarcScottEmery Pathetic'
2022-03-16 16:31:06+00:00,1457261565040742402,1504133163530203138,"{'retweet_count': 0, 'reply_count': 0, 'like_count': 0, 'quote_count': 0}",b'@OceanPark_Man @MatrixAINetwork Done.. Thanks.. Very good project\n@ Meta mask\n@ Trust wallet'
2022-03-16 16:31:05+00:00,103719373,1504133162233958405,"{'retweet_count': 0, 'reply_count': 0, 'like_count': 0, 'quote_count': 0}",b'Susan Collins votes to end mask mandates on public transport; she was pushing this last year but got very quiet about it once Delta and then Omicron hit.\n\nOne wonders how many more people would be dead if she got her way back then.\n\nAngus (and Romney) voted against. #mepolitics https://t.co/PTuYrcuo9t'
2022-03-16 16:31:05+00:00,540388679,1504133162213023747,"{'retweet_count': 0, 'reply_count': 0, 'like_count': 0, 'quote_count': 0}","b'@RotVanRotterdam what lockdown? oh, you mean govt employees not working and jab-pushing? yes.'"
2022-03-16 16:31:05+00:00,177426460,1504133161231519755,"{'retweet_count': 0, 'reply_count': 0, 'like_count': 0, 'quote_count': 0}",b'China Locks Down Entire Province in Struggle to Contain Covid Outbreak https://t.co/HnIkLNSBAk via @Yahoo'
2022-03-16 16:31:05+00:00,2975055437,1504133161139253248,"{'retweet_count': 0, 'reply_count': 0, 'like_count': 0, 'quote_count': 0}","b""Oh man COVID is rife right now. My timeline is packed.\n\nHope you're all recovering well. Yer auld da is looking out for you!"""
2022-03-16 16:31:05+00:00,231961073,1504133161105694727,"{'retweet_count': 0, 'reply_count': 0, 'like_count': 0, 'quote_count': 0}",b'Gotta pay attention to this Covid stuff'
2022-03-16 16:31:05+00:00,18183608,1504133160153583626,"{'retweet_count': 0, 'reply_count': 0, 'like_count': 0, 'quote_count': 0}","b'@HowieLongbody @ChristaleenSoto @sunnypras @baxter4133 @Krisplashed Lol.\n\nThe vaccine, and NATO, and gender fluidity, and women receiving health care, and minorities voting, and doctors, and newspapers, and social media, and...'"
2022-03-16 16:31:05+00:00,825006366657966081,1504133159591419908,"{'retweet_count': 0, 'reply_count': 0, 'like_count': 0, 'quote_count': 0}","b""@BDaveWalters I honestly don't know- I got *Really* sick right at the beginning of lockdowns, but where I was would only test if you got the big symptoms, which I didn't, but I had some of the minor symptoms. But officially diagnosed Covid? Nope- So far been good!"""
2022-03-16 16:31:05+00:00,24004213,1504133158383587336,"{'retweet_count': 0, 'reply_count': 0, 'like_count': 0, 'quote_count': 0}","b'The U.S. Small Business Administration is extending its deferment on COVID Economic Injury Disaster Loan repayments from 24 to 30 months, starting from the date small business owners get their loans, the SBA announced March 15. https://t.co/1ZMB6PiXH7'"
2022-03-16 16:31:04+00:00,558861092,1504133158077407233,"{'retweet_count': 1, 'reply_count': 0, 'like_count': 1, 'quote_count': 0}","b""Politics was boring, nobody cared, but after Covid, lockdown &amp; #ExcludedUK, sleepy electorate has become #aWOKEn.\n\nNow, everybody's politicised &amp; its going to be hard work for both the #CONmen or #KeirNoIdea to win.\n\nRecon will be tactical voting &amp; middle ground, hung parliament."""
2022-03-16 16:31:04+00:00,520175649,1504133157947281419,"{'retweet_count': 0, 'reply_count': 0, 'like_count': 0, 'quote_count': 0}","b""@rahulransubhe @ShivajiIRTS @drmmumbaicr It had install specially for awareness of covid where there is no way of social distancing or pr not for the passenger's information in this type of situation"""
2022-03-16 16:31:04+00:00,68823103,1504133157561552904,"{'retweet_count': 0, 'reply_count': 0, 'like_count': 0, 'quote_count': 0}",b'@sweetpearacer Probably 6 months after your last booster.'
2022-03-16 16:31:04+00:00,1428683427243565064,1504133157339213824,"{'retweet_count': 0, 'reply_count': 0, 'like_count': 0, 'quote_count': 0}","b'@CarlosCMTF @ZubyMusic Proven wrong on the pandemic? lol. Masks don\xe2\x80\x99t do anything, the shot does not confer immunity, If a young person gets sick or dies, it\xe2\x80\x99s from the shot, you have been exposed many times and have exposed others many times\xe2\x80\xa6and we are still here. Again, wear your mask at home.'"
2022-03-16 16:31:04+00:00,448586354,1504133155338559497,"{'retweet_count': 0, 'reply_count': 0, 'like_count': 0, 'quote_count': 0}",b'The US Senate Showed Why the Airline Mask Mandate Will End Sooner Rather Than\xc2\xa0Later https://t.co/oNyUkt2TvS'
2022-03-16 16:31:04+00:00,3241224197,1504133155237814276,"{'retweet_count': 0, 'reply_count': 0, 'like_count': 0, 'quote_count': 0}",b'@ColinDMello Numbers based on limited testing? Reports of case numbers shooting up higher in other countries. Removing mask mandates is so reckless. Honestly don\xe2\x80\x99t understand how the CMOH can\xe2\x80\x99t see we should still be doing what we can.'
2022-03-16 16:31:04+00:00,123933605,1504133154042527748,"{'retweet_count': 0, 'reply_count': 0, 'like_count': 0, 'quote_count': 0}","b'Start-up growth is skyrocketing: 5.4M people applied for small business licenses last year, up 53% from 2019. The hot job market, virtual work options, &amp; decreasing costs (e.g. rent) are among the causes for the spike, via @erica_pandey @JimVandeHei https://t.co/en8LsxNT0U'"
2022-03-16 16:31:03+00:00,1483818947690606592,1504133153426141187,"{'retweet_count': 0, 'reply_count': 0, 'like_count': 0, 'quote_count': 0}","b'Providing RATs to teachers &amp; students was an attempt to quell fears. Returning to schools ""brought back normalcy"", yet everyone had to do tests. Normalcy is telling people \'COVID-19 is over\' &amp; not playing into fears. You won\'t end fear by making decisions which validate it. (4/4) https://t.co/11MDyIWGw5'"
2022-03-16 16:31:03+00:00,2787151987,1504133152440086530,"{'retweet_count': 0, 'reply_count': 0, 'like_count': 0, 'quote_count': 0}","b'Giga Texas and Giga Berlin soft opening stock \xf0\x9f\x93\x89. China Covid cases surge, millions in shenzhen lock down, Giga Shanghai close for two days  stock \xf0\x9f\x93\x88 . \xf0\x9f\xa5\xb4\xf0\x9f\xa5\xb4\xf0\x9f\xa5\xb4'"
2022-03-16 16:31:03+00:00,637173865,1504133152087887876,"{'retweet_count': 0, 'reply_count': 0, 'like_count': 0, 'quote_count': 0}","b'So myself and my fianc\xc3\xa9e have finally been caught by the Covid and so far my overriding symptom is a massive urge to do a crazy amount of online shopping.\n\nSeriously, I have like seven separate windows on the go here. Items in baskets everywhere.\n\nNOBODY WARNED ME ABOUT THIS!!! https://t.co/3Nsr5r7Cle'"
2022-03-16 16:31:03+00:00,494683668,1504133151139893252,"{'retweet_count': 0, 'reply_count': 0, 'like_count': 0, 'quote_count': 0}",b'@JohnPalminteri \xe2\x80\xa6and just like that ***snaps fingers*** all\xe2\x80\x99s good with Covid \xf0\x9f\x99\x84 -'
2022-03-16 16:31:03+00:00,1111208029322649600,1504133150653435915,"{'retweet_count': 0, 'reply_count': 0, 'like_count': 0, 'quote_count': 0}","b'2 years ago today 3/16/20 I returned home from an an aborted disaster tour plagued by rapid climate change (blizzards AND tornadoes), faulty auto issues, and the onset of a worldwide pandemic. Got fired from both jobs this same day and an inevitable breakup. 2 years to the day!'"
2022-03-16 16:31:03+00:00,2650464768,1504133150460448776,"{'retweet_count': 1, 'reply_count': 0, 'like_count': 0, 'quote_count': 0}",b'Live update: Masks to stay on as Israel warily watches COVID resurgence elsewhere https://t.co/gdIfbUvYBu'
2022-03-16 16:31:03+00:00,557453711,1504133149890068489,"{'retweet_count': 0, 'reply_count': 0, 'like_count': 0, 'quote_count': 0}",b'@WoodG252000 @i_petersen @MarvinH2_G2 @spion @glirarium @PeteUK7 @PaulLomax @Alicebellamy @finessekkid954 @strawthatbroke @erbrooker @HelenRSalisbury @EricTopol @fitterhappierAJ @SSI_dk Irene\xe2\x80\x99s world appears to be very binary. We either have to lock everyone away or allow unmitigated covid spread. There\xe2\x80\x99s no in between where you take steps to limit the spread where possible.\n\nI honestly don\xe2\x80\x99t understand what\xe2\x80\x99s so hard to comprehend about risk management.'
2022-03-16 16:31:02+00:00,943000817124237313,1504133149206458370,"{'retweet_count': 0, 'reply_count': 0, 'like_count': 0, 'quote_count': 0}","b'@CarnivalCruise is doubling down. Now you need a Booster shot, even if you have already booked your cruise. You guys are insane. And Twitter comments are talking about 5-hour holds to talk to agents. I am now looking into buying my 3rd put option on $CCL. You will go bankrupt.'"
2022-03-16 16:31:02+00:00,2900925735,1504133147948195842,"{'retweet_count': 0, 'reply_count': 0, 'like_count': 0, 'quote_count': 0}","b""@POTUS With no funding for continued #covid preparedness, it isn't going to do us much good. Pretending the pandemic is over isn't going to stop Americans from dying."""
2022-03-16 16:31:02+00:00,949186022,1504133147675475975,"{'retweet_count': 0, 'reply_count': 0, 'like_count': 0, 'quote_count': 0}","b'Anti-mask people are just super cringe for no reason. Around when the mask mandate lifted a man at the grocery store told me, ""Hey, why are you still wearing that?""\n\nAnd I was just like ???? So I told him I was gay and didn\'t want to spread the gay disease to him so I stay masked'"
2022-03-16 16:31:02+00:00,3013191149,1504133147503566850,"{'retweet_count': 0, 'reply_count': 0, 'like_count': 0, 'quote_count': 0}","b""Evidence? No, keeping us safe from mass pandemic is the way to prosperity. #MaskMandate #Lockdown #BoostersForAll #BA2 is here and we're not paying attention. https://t.co/VYfFztlrUC"""
2022-03-16 16:31:02+00:00,1389360042097393666,1504133147209908236,"{'retweet_count': 0, 'reply_count': 0, 'like_count': 0, 'quote_count': 0}",b'@BBCNews When will there be a public inquiry into covid vaccine side effects @BorisJohnson?'
2022-03-16 16:31:02+00:00,1431821062245953537,1504133147037941770,"{'retweet_count': 0, 'reply_count': 0, 'like_count': 0, 'quote_count': 0}","b'@LangillShelley @breakfasttv How did you get Covid twice being vaccinated and wearing a masks? I\xe2\x80\x99m curious. I never got it and I\xe2\x80\x99ve been on the plane, at the gym, around unvaccinated people etc..'"
2022-03-16 16:31:01+00:00,1906057760,1504133144844423171,"{'retweet_count': 0, 'reply_count': 0, 'like_count': 0, 'quote_count': 0}","b'@AmadoandIgloo @AndMelee If China hits 1 million deaths you can bet the US will be far above that number by then. Because China tried zero covid and the USA did jack shit. China can ""fail at zero-covid"" whenever and still be far behind us in deaths.'"
2022-03-16 16:31:01+00:00,816864430210318336,1504133144206737411,"{'retweet_count': 0, 'reply_count': 0, 'like_count': 0, 'quote_count': 0}","b""China's COVID-19 outbreak has brought the country into another lockdown, with millions in the country affected, and the supply chain. #China #ChinaRussia #chinalockdown #lockdownextension #coronavirus #Covid_19 #COVID #COVID19 #COVIDisAirborne #COVIDIOTS https://t.co/FoNRVGTFc7"""
2022-03-16 16:31:01+00:00,967183736910442496,1504133143347056641,"{'retweet_count': 0, 'reply_count': 0, 'like_count': 0, 'quote_count': 0}",b'Tucker: A lot of COVID regulations weren\xe2\x80\x99t really about\xc2\xa0science https://t.co/aaaFD30WWz'
2022-03-16 16:31:01+00:00,908781126495305728,1504133142759813121,"{'retweet_count': 0, 'reply_count': 0, 'like_count': 0, 'quote_count': 0}","b'Since the start of the pandemic, 992,302 Americans have died from #COVID19 (16.3% of all deaths worldwide). That is about the same as 30,069 SS El Faros which killed 33 people in 2015: https://t.co/iFVOBCxUL0'"
2022-03-16 16:31:01+00:00,3278725700,1504133142336131074,"{'retweet_count': 0, 'reply_count': 0, 'like_count': 0, 'quote_count': 0}","b'There are about 39,521 children in this age group in Mysuru city and a total of 1,37,459 in Mysuru District,\xe2\x80\x9d the DHO said.\nhttps://t.co/QwExeFTDNB'"
2022-03-16 16:31:01+00:00,57040161,1504133142214549508,"{'retweet_count': 0, 'reply_count': 0, 'like_count': 0, 'quote_count': 0}","b'The Covid Oversight Coalition, @steelworkers, @RealBankReform, @Public_Citizen, @weareoversight request the @SBAgov to update Congress on #PPPTransparency https://t.co/fR7zqrUcvL'"
2022-03-16 16:31:00+00:00,16088475,1504133140973072394,"{'retweet_count': 0, 'reply_count': 0, 'like_count': 0, 'quote_count': 0}","b""@AccountSays @bquicker @Reuters Countries around the world have proven it. You're the one with the insane cult-like belief that even wearing a mask in public is too much to ask while thousands of your fellow citizens die daily as a result."""
2022-03-16 16:31:00+00:00,1330325203826642947,1504133140847206409,"{'retweet_count': 0, 'reply_count': 0, 'like_count': 0, 'quote_count': 0}",b'@MerrillLynched @ThisIsKyleR They sure as fuck don\xe2\x80\x99t need it from shit-headed people like you. Go shove your  vaccine straight up your ass.'
2022-03-16 16:31:00+00:00,33156376,1504133138947407873,"{'retweet_count': 0, 'reply_count': 0, 'like_count': 0, 'quote_count': 0}","b'@nzherald ""COVID digest: Germany\'s situation \'critical\'"" https://t.co/mLDq4XWzlc'"
2022-03-16 16:31:00+00:00,301520168,1504133138515038210,"{'retweet_count': 0, 'reply_count': 0, 'like_count': 0, 'quote_count': 0}",b'Charlotte Ramsden of @ADCStweets says local authorities can play a role in reversing worrying post-COVID trends such as persistent absence\nhttps://t.co/khCw5gOrl4'
2022-03-16 16:31:00+00:00,125955058,1504133138322128896,"{'retweet_count': 0, 'reply_count': 0, 'like_count': 0, 'quote_count': 0}","b""@rmbodenheimer We need tribunals asap to weigh up the harms and proven successes to ensure people are held accountable for their actions, we do the same for war and that's on the extreme end, a pandemic response should be no different."""
2022-03-16 16:31:00+00:00,284052780,1504133138229829634,"{'retweet_count': 0, 'reply_count': 0, 'like_count': 0, 'quote_count': 0}","b'If you have COVID-19 symptoms you should take a test and avoid contact with others.\n\nIf you test positive, stay at home. https://t.co/GZowrAtjXA'"
2022-03-16 16:31:00+00:00,15063486,1504133138225643522,"{'retweet_count': 1, 'reply_count': 0, 'like_count': 1, 'quote_count': 0}",b'All the idiocy of Covid and vaccine mandates in one neat package https://t.co/HdXHes169h'
2022-03-16 16:31:00+00:00,2544753960,1504133138200489985,"{'retweet_count': 0, 'reply_count': 0, 'like_count': 0, 'quote_count': 0}","b'Idaho was so poorly prepared for a health emergency that, at the height of the pandemic, it was forced to flood hospitals in neighboring states with COVID cases, report @IdahoCapitalSun and @statesnewsroom.\nhttps://t.co/sEcutKxSsA'"
2022-03-16 16:31:00+00:00,947192844,1504133137365934081,"{'retweet_count': 0, 'reply_count': 0, 'like_count': 0, 'quote_count': 0}",b'@Ellie_Kit66 @AlanaFeral You can hug. Oh I\xe2\x80\x99m sorry your left wing friends still have you scared of Covid \xf0\x9f\xa4\xb7\xf0\x9f\x8f\xbe\xe2\x80\x8d\xe2\x99\x82\xef\xb8\x8f\xf0\x9f\xa4\xb7\xf0\x9f\x8f\xbe\xe2\x80\x8d\xe2\x99\x82\xef\xb8\x8f'
2022-03-16 16:30:59+00:00,15652540,1504133136917032961,"{'retweet_count': 0, 'reply_count': 0, 'like_count': 0, 'quote_count': 0}",b'UPDATE: COVID exposure cancels Theranos exec Sunny Balwani opening statements https://t.co/HpvhZVD7nG'
2022-03-16 16:30:59+00:00,8862532,1504133135914745857,"{'retweet_count': 0, 'reply_count': 0, 'like_count': 0, 'quote_count': 0}","b'As the anniversary approaches, charter school leaders reflected on the herculean struggles of maintaining functioning educational centers that continued to challenge and teach while still ensuring the safety of students and faculty.  https://t.co/AdKVY7rYao'"
2022-03-16 16:30:59+00:00,1400794323004841988,1504133134451101699,"{'retweet_count': 0, 'reply_count': 0, 'like_count': 0, 'quote_count': 0}",b'#Parents and #caregivers:  Find your closest vaccination site at https://t.co/rhWxIHdLmB! \n\n#GetTheVax #COVID19 https://t.co/rsFJhgMnKx'
2022-03-16 16:30:58+00:00,719192850848686080,1504133131095482369,"{'retweet_count': 0, 'reply_count': 0, 'like_count': 0, 'quote_count': 0}",b'@StevenDiMartino @RickJBrody @AlbaneseLaura @chayesmatthew Let a pandemic run amok?'
2022-03-16 16:30:58+00:00,50463387,1504133130067664900,"{'retweet_count': 0, 'reply_count': 0, 'like_count': 0, 'quote_count': 0}",b'@BichonRedux @twebs $CEMI. Chembio Diagnostics.\nHeavy insider buying.\n\nTrading below cash value. 40% of book value.\n\nAwaiting approvals on two Covid tests and a C.L.I.A. for its dual HIV-SYPHILIS test.\n\nPotential takeover target at 5X.\n\n$DGX?  $TAK?  $AZN?  $JNJ?\n\nBuy before the next p.r. https://t.co/dSk7dh1ZHh'
2022-03-16 16:30:58+00:00,15317676,1504133129698697221,"{'retweet_count': 0, 'reply_count': 0, 'like_count': 0, 'quote_count': 0}",b'Visual Noise is the upcoming exhibition allowing graduate photography students whose degree shows were disrupted during the pandemic the opportunity to display their work alongside Rankin.\n\nhttps://t.co/snY4wc3a6K'
2022-03-16 16:30:58+00:00,3533231,1504133129577115648,"{'retweet_count': 0, 'reply_count': 0, 'like_count': 0, 'quote_count': 0}",b'@billclerico check wastewater data in your area if there are @BiobotAnalytics sites\n\nand interesting about the tests - 4 straight antigen tests told me the cold that knocked me out for 10 days after i was exposed to covid  \xe2\x80\x9cwasn\xe2\x80\x99t\xe2\x80\x9d COVID. i\xe2\x80\x99d been thinking about PCR - this solidifies it'
2022-03-16 16:30:58+00:00,22406840,1504133129304428554,"{'retweet_count': 0, 'reply_count': 0, 'like_count': 0, 'quote_count': 0}",b'@larmbrust The pandemic is not over. Wear a mask. Stay safe people.'
2022-03-16 16:30:57+00:00,712696265071407104,1504133128092323843,"{'retweet_count': 0, 'reply_count': 0, 'like_count': 0, 'quote_count': 0}",b'Great @ASTCT Talks podcast episode on #COVID19 management in #HSCT #TCT #BMT patients \n\nhttps://t.co/SgonkDexXx\n#ASTCTTalks https://t.co/BXQZ7MIDtp'
2022-03-16 16:30:57+00:00,1017797375677607942,1504133128075448325,"{'retweet_count': 0, 'reply_count': 0, 'like_count': 1, 'quote_count': 0}","b""@randyfics oh i just meant in life but yes post pandemic it's so much worse"""
2022-03-16 16:30:57+00:00,1295834204081553410,1504133127702077442,"{'retweet_count': 0, 'reply_count': 0, 'like_count': 0, 'quote_count': 0}","b""@Shawnthemon @jonboybeats @CandyDigital @MLB @UsmanPatel_ I'm not familiar with the team of yet but nothing beats afternoon baseball in the sun on a Wednesday can DeGen at Nat Bailey Stadium with my Mobile Meta Mask... Life is truly a trip sometimes and blessed."""
2022-03-16 16:30:57+00:00,1408327259946115075,1504133127555497992,"{'retweet_count': 0, 'reply_count': 0, 'like_count': 0, 'quote_count': 0}","b'@SOEAtlanta the lockdown, govt mandate crowd all of the sudden stands for democracy. hilarious. \xf0\x9f\x98\x82'"
2022-03-16 16:30:57+00:00,1500042536093724680,1504133127110803457,"{'retweet_count': 0, 'reply_count': 0, 'like_count': 0, 'quote_count': 0}",b'@sovrynmindset only dumb one are the ones who actually did it regullaey. i have worn this shit only couple of times past 3 years and no longer than minute in my face. they told in our country that they wont sell  you food in stores without mask. so i will puy mask only one when i go to cashier'
2022-03-16 16:30:57+00:00,57356654,1504133126641143815,"{'retweet_count': 0, 'reply_count': 0, 'like_count': 0, 'quote_count': 0}","b'Eleanor now knows the monthly payment on 25  Rates for \xc2\xa3100,000 over 25 years: https://t.co/7N7rdgv28n'"
2022-03-16 16:30:57+00:00,1474589323307761664,1504133125856710662,"{'retweet_count': 0, 'reply_count': 0, 'like_count': 0, 'quote_count': 0}",b'@KMC4wauk @BrianBirdman1 @ReutersFacts It is actually a cackle. She is way under qualified to be over there trying to negotiate anything.  Watch Biden gets covid to get out of going next week.  That might even be more of a disaster.   It wasn\xe2\x80\x99t just the laughing that made her trip a disaster.'
2022-03-16 16:30:57+00:00,54717267,1504133125567401995,"{'retweet_count': 0, 'reply_count': 0, 'like_count': 0, 'quote_count': 0}","b""@cambrian_era Since the Dems have been astonishingly successful at getting everyone to fall in line behind Covid denialism, I don\xe2\x80\x99t want to hear another word about how they can't get Manchin and Sinema in line.\n\nYes they can. They choose not to."""
2022-03-16 16:30:57+00:00,512226714,1504133124640411655,"{'retweet_count': 0, 'reply_count': 0, 'like_count': 0, 'quote_count': 0}","b'@JeremyVineOn5 Yes &amp; we should too! So many folk I\xe2\x80\x99ve talked to, think the Pandemic is over! Another deadly variant could pop up any time! This virus is very clever &amp; the government are trying to gain brownie points by telling people they don\xe2\x80\x99t have to wear a mask \xf0\x9f\x98\xb7 I\xe2\x80\x99ll continue to wear mine!'"
2022-03-16 16:30:56+00:00,4052554934,1504133124422135810,"{'retweet_count': 0, 'reply_count': 0, 'like_count': 0, 'quote_count': 0}",b'@Theo_TJ_Jordan @rstemler1 It\xe2\x80\x99s very effective.everyone I know that has been vaccinated has gotten Covid.'
2022-03-16 16:30:56+00:00,2789415037,1504133123705036805,"{'retweet_count': 0, 'reply_count': 0, 'like_count': 0, 'quote_count': 0}","b'@davido Am a certified IITA trainee on poultry farming.\nI already paid for my 200 broilers day old chicks, i will need 1.5 million to finish up my pen house, buy battery cages, buy feeds, vaccine and multivatimin, water storage tanks, drinkers and feeders.\n#wrblo'"
2022-03-16 16:30:56+00:00,1314765631867084800,1504133123562377217,"{'retweet_count': 0, 'reply_count': 0, 'like_count': 0, 'quote_count': 0}",b'@RealCandaceO whatever happened to your lawsuit against the lab for your Covid test in Aspen? It\xe2\x80\x99s so hard to keep up w/ all your lawsuits and the fact you lose every single one of them.'
2022-03-16 16:30:56+00:00,615142627,1504133123449266179,"{'retweet_count': 0, 'reply_count': 0, 'like_count': 0, 'quote_count': 0}",b'Brandon Nimmo not sure where Mets stand with \xe2\x80\x98completely new\xe2\x80\x99 vaccine reality - https://t.co/vDFtBh2A45 https://t.co/1FQvgJcFhl'
2022-03-16 16:30:56+00:00,1198241705675411457,1504133122501263362,"{'retweet_count': 0, 'reply_count': 0, 'like_count': 0, 'quote_count': 0}","b""@Badams820 @Wanderinglord @SapienWoman @Viktor_Renquist @rjocore989 @WhoaDanWhoa @MJB24681 @RAGINxCAJUN @JohnRad15 @Donschmidt15 @flightmedicems @feedyourhead66 @VinceGottalotta @Newer_Deal @ahrehead @TheLivingKira @JGainsbourgh @AboveNun @BlakDragonClaw @stopthepewpew @Aimhighffw @Krispi_Largo @TXWomenRESIST @ziggywilde @medwoman1 @Supersi48617376 @poopantsbiden @stevieanntas @43Cyoa @_TrollKiller @bitterclingerpa @SockPuppetTruth @CosmicIndiffer1 @sierranolandely @Opsimath57 @RenContessa @bjbyrne @AdorablePodcast @_Dream_Out_Loud @thatwitchyjess7 @photoartist9 @MansplainingAb1 @jmfrantz @thatkidkali89 @MonsterVetArt @dravencage @fembecca @another_poster @peterlett @JaePea02 Considering Conservatives won't even wear a mask to protect their fellow Americans im gonna say liberals are more likely to defend this country."""
2022-03-16 16:30:56+00:00,4920917855,1504133122002198533,"{'retweet_count': 0, 'reply_count': 0, 'like_count': 0, 'quote_count': 0}","b'@davido I was selling clothes before covid spoil am, some of my customers were telling me that na person wey don chop belleful dey buy clothes @davido please support me in my new start up, selling food stuffs, even I am ready to farm, please I will be glad if I can be considered #Wrblo'"
2022-03-16 16:30:56+00:00,3213829974,1504133121725251584,"{'retweet_count': 0, 'reply_count': 0, 'like_count': 0, 'quote_count': 0}","b'Increasing illness?\n\n""...something unusual seems to be happening. In previous waves, increases in Covid hospitalizations lagged behind jumps in cases by about 10 days to two weeks. Now, in the UK, cases and hospitalizations seem to be rising in tandem...""\n\nhttps://t.co/g80nrsQFVk'"
2022-03-16 16:30:56+00:00,615185696,1504133121700245514,"{'retweet_count': 0, 'reply_count': 0, 'like_count': 0, 'quote_count': 0}",b'#e_RadioUS Reacting to Aaron Judge dodging vaccine question | First Take https://t.co/cX99pEAyFz https://t.co/IZjAEHR6ID'
2022-03-16 16:30:56+00:00,22025945,1504133121578610696,"{'retweet_count': 0, 'reply_count': 0, 'like_count': 1, 'quote_count': 0}",b'@cjsnowdon What\xe2\x80\x99s covid?'
2022-03-16 16:30:56+00:00,8962112,1504133120664166401,"{'retweet_count': 0, 'reply_count': 0, 'like_count': 0, 'quote_count': 0}",b'Bay Area prep football coaches: COVID deepened divide between rich programs and others https://t.co/tDlWxZyd5W'
2022-03-16 16:30:55+00:00,1308993092775817222,1504133120336924678,"{'retweet_count': 0, 'reply_count': 0, 'like_count': 0, 'quote_count': 0}",b'@POTUS @CDCDirector @CDCgov   We just went backwards to the trump strategy on #COVID19    It will just magically disappear. #CovidIsNotOver \xf0\x9f\x98\xb7 https://t.co/B28KbILreh'
2022-03-16 16:30:55+00:00,16868900,1504133119028334594,"{'retweet_count': 0, 'reply_count': 0, 'like_count': 0, 'quote_count': 0}",b'And then we pulled off the mask off the monster and it turned out the real enemy was capitalism all along. https://t.co/KJOoJ03VYR'
2022-03-16 16:30:55+00:00,1371172087604211718,1504133118520745990,"{'retweet_count': 0, 'reply_count': 0, 'like_count': 0, 'quote_count': 0}",b'@Strawbs86The @thecoastguy @MaajidNawaz No only since the vaxx. The vaccine injury and death rate is extremely under reported to Vaers. The real rate will leave out over time. Covid has caused some injury and death for sure but not in young people. Under 25 years old 0.01% rate of death and suddenly young athletes drop'
2022-03-16 16:30:55+00:00,1363884603363233798,1504133118474731530,"{'retweet_count': 0, 'reply_count': 0, 'like_count': 0, 'quote_count': 0}",b'Learn more about the plans for an mRNA vaccine to target EBV infections in our recent video with @DJS_KBO \xf0\x9f\x91\x89 https://t.co/u08QVIQA1W\n\n#MultipleSclerosis #Virus #YouTube'
2022-03-16 16:30:55+00:00,42635826,1504133118046965774,"{'retweet_count': 0, 'reply_count': 0, 'like_count': 0, 'quote_count': 0}","b'""It is likely that the combination of higher inherent transmissibility and higher rates of interaction as restrictions ease are combining to generate this resurgence."" \xe2\x80\x94 Eberly expert @TheFerrariLab https://t.co/lXlW4ESAA9 @PennStateBio @PSUStatistics @ciddpsu @huckinstitutes'"
2022-03-16 16:30:55+00:00,64411349,1504133117816324102,"{'retweet_count': 0, 'reply_count': 0, 'like_count': 0, 'quote_count': 0}",b'@Keith_McPherson @EvanRobertsWFAN Understood. Make em mask up... or get changed in the dugout lol'
2022-03-16 16:30:55+00:00,1228481116719472647,1504133116834852866,"{'retweet_count': 0, 'reply_count': 0, 'like_count': 0, 'quote_count': 0}","b'@metsgirl84 @HRHNefertit @Dad_Bod_Jiu_Jtz @NBCNews Is there a test to tell alpha, delta, omicron, megladon! No there is not , show me proof !!!'"
2022-03-16 16:30:54+00:00,84053601,1504133116088225796,"{'retweet_count': 0, 'reply_count': 0, 'like_count': 0, 'quote_count': 0}",b'Study Highlights Need to Prioritize Mental Healthcare Among Survivors of COVID-19  - @ColoradoRecove1 https://t.co/JdcwzpKiCp https://t.co/toT6xNaP9T'
2022-03-16 16:30:54+00:00,36069538,1504133114808918022,"{'retweet_count': 0, 'reply_count': 0, 'like_count': 0, 'quote_count': 0}",b'Do you or someone you know need to be tested for COVID-19? You can find no cost #OCCOVID19 testing locations in #OC by scanning the codes. Locations are in #Fullerton #SanJuanCapistrano and #SantaAna and are made available through our partners @LHAORG. https://t.co/7BB30KaRS6'
2022-03-16 16:30:54+00:00,1260308855122255872,1504133114364366850,"{'retweet_count': 0, 'reply_count': 0, 'like_count': 0, 'quote_count': 0}","b""Pediatric respiratory disease deaths were down in 2020 &amp; 2021. \n\nFYI, this view doesn't include Covid-19 deaths, because Covid has a special code in WONDER, and is not yet classified in another ICD chapter. https://t.co/w75Pe4Cmgx"""
2022-03-16 16:30:54+00:00,1233900395178622979,1504133114204938244,"{'retweet_count': 0, 'reply_count': 0, 'like_count': 0, 'quote_count': 0}","b'Free COVID-19 TESTING\xe2\x81\xa0\nTODAY, MARCH 16 \xe2\x80\x93 1 PM to 4 PM\xe2\x81\xa0\nGoodwill Cheswick\xe2\x81\xa0\n1306 Pittsburgh St, Cheswick, PA 15024\xe2\x81\xa0\nhttps://t.co/nzOnaIHm6n\xe2\x81\xa0\n\xe2\x81\xa0\nThis is a walkup site, not a drive-thru\xe2\x81\xa0\nInsurance not required but please bring insurance card if available\xe2\x81\xa0 https://t.co/Z9sDH2lOB5'"
2022-03-16 16:30:54+00:00,862059493693300737,1504133113949171722,"{'retweet_count': 0, 'reply_count': 0, 'like_count': 0, 'quote_count': 0}",b'@RadCentrism @IAMCAM35 @lporiginalg https://t.co/mfMELG9tJk\nIgnorant troll.'
2022-03-16 16:30:54+00:00,238666005,1504133113697366019,"{'retweet_count': 0, 'reply_count': 0, 'like_count': 0, 'quote_count': 0}",b'Covid Isn\xe2\x80\x99t Over Until Every Official Who Abused It Is Held Accountable For The Destruction They Caused https://t.co/9Vk1QyJ3Ql'
2022-03-16 16:30:54+00:00,1271449302733381632,1504133113089343493,"{'retweet_count': 0, 'reply_count': 0, 'like_count': 0, 'quote_count': 0}",b'Mask safety only works eh we all wear one! No point wearing one if no one wears one teh prefect you!'
2022-03-16 16:30:54+00:00,22568416,1504133112871235585,"{'retweet_count': 0, 'reply_count': 0, 'like_count': 0, 'quote_count': 0}",b'The federal government is expected to announce as soon as tomorrow that travellers entering Canada will no longer have to take a pre-arrival COVID-19 test. \n\nhttps://t.co/psVMDrwFsl'
2022-03-16 16:30:54+00:00,1299624084,1504133112200060931,"{'retweet_count': 0, 'reply_count': 0, 'like_count': 0, 'quote_count': 0}","b""@Hopeabove7 @ChristinaPushaw all because school kids didn't wear a  mask!!! its just not right."""
2022-03-16 16:30:53+00:00,885265748,1504133110979563526,"{'retweet_count': 0, 'reply_count': 0, 'like_count': 0, 'quote_count': 0}",b'@Philycheez42 @TimRunsHisMouth How many people have you killed since the vaccine still allows you to spread and contract covid?'
2022-03-16 16:30:53+00:00,26746958,1504133109914214406,"{'retweet_count': 0, 'reply_count': 0, 'like_count': 0, 'quote_count': 0}","b'""The background of what it means to be alive."" @UWBotany\'s Simon Gilroy tells @CapTimes why having plants around makes us feel good. https://t.co/OOgqudQq8B #WeAreLS https://t.co/ap4VNLfI45'"
2022-03-16 16:30:53+00:00,755092806163636225,1504133108504875015,"{'retweet_count': 0, 'reply_count': 0, 'like_count': 0, 'quote_count': 0}",b'@KevinJoeKelly1 @POTUS No jobs created people are just going back from jobs list during pandemic'
2022-03-16 16:30:53+00:00,1458078231614078978,1504133108295213059,"{'retweet_count': 0, 'reply_count': 0, 'like_count': 0, 'quote_count': 0}","b'Nope, lacks volume. If that comes in we are golden! Online edu with new covid outbreak in China. Worth a play with good risk management, did 21 last year at same time.'"
2022-03-16 16:30:52+00:00,885688721886130176,1504133107569594368,"{'retweet_count': 0, 'reply_count': 0, 'like_count': 0, 'quote_count': 0}","b""The CDC has woefully mismanaged their ability to communicate clearly. Mask mandates are evaporating. History is repeating it's self, again.\n\nhttps://t.co/CQRPVseOOz"""
2022-03-16 16:30:52+00:00,16203782,1504133107158560773,"{'retweet_count': 0, 'reply_count': 0, 'like_count': 0, 'quote_count': 0}",b'@SephBri @globalnews Covid isn\xe2\x80\x99t done with fat people tho\n\nThe rest of us are fine'
2022-03-16 16:30:52+00:00,2203444120,1504133105304715264,"{'retweet_count': 0, 'reply_count': 1, 'like_count': 0, 'quote_count': 0}",b'nosy \xf0\x9f\x91\xb5\xf0\x9f\x8f\xbc\xf0\x9f\x91\xa8\xf0\x9f\x8f\xbc\xe2\x80\x8d\xf0\x9f\xa6\xb3 presentao\xc2\xa0\xc2\xa0cross street neighbors\xc2\xa0\xc2\xa0OK \xf0\x9f\x91\x8d\xf0\x9f\x8f\xbb love \xe2\x9d\xa4\xef\xb8\x8f attention https://t.co/hGpPaUyQ7n\xc2\xa0\xc2\xa0KEEPING MY MASK \xf0\x9f\x98\xb7 ON IT NEEDED HAVING ISSUES AND PROBLEMS Asian &amp; Europe countries COVID-19 Virus \xf0\x9f\xa6\xa0 \xf0\x9f\x92\x89even White House and\xc2\xa0\xc2\xa0CDC others concerned politicians want you take \xf0\x9f\x98\xb7 mask off https://t.co/gLaAFF0XFL'
2022-03-16 16:30:51+00:00,1433363136,1504133103123501060,"{'retweet_count': 0, 'reply_count': 0, 'like_count': 0, 'quote_count': 0}","b'Respiratory failure is the cause of death in half the cases of COVID fatalities.  Instead of COVID vaccine perhaps they should have been giving pneumonia vaccines. The pneumonia vaccines have have been approved, passed rigorous tests and have been around since 1983 https://t.co/pzXC6L2EQ8'"
2022-03-16 16:30:51+00:00,239382353,1504133102557409289,"{'retweet_count': 0, 'reply_count': 0, 'like_count': 0, 'quote_count': 0}",b'@JackHope19 @WFLA Wrong because many were forced to get their 3rd shot so they could zoom their classes and we all know that the vaccine keeps you from getting the Chinese Virus'
2022-03-16 16:30:51+00:00,19646814,1504133101647245317,"{'retweet_count': 0, 'reply_count': 0, 'like_count': 0, 'quote_count': 0}",b'@PianoGeek420 Of course.  Because I know the virus is still here.  And I know that the dude with the Medical Freedom \xe2\x80\x98Murica T-shirt and magatwat hat didn\xe2\x80\x99t have the vaccine and doesn\xe2\x80\x99t wear one and hangs around other magatwats with similar T-shirts and hats.'
2022-03-16 16:30:51+00:00,19000019,1504133101357834242,"{'retweet_count': 0, 'reply_count': 0, 'like_count': 0, 'quote_count': 0}",b'Federal government to end pre-arrival COVID testing for travellers entering Canada https://t.co/EdwDhkPgOM'
2022-03-16 16:30:51+00:00,1098498551896780800,1504133100300734467,"{'retweet_count': 0, 'reply_count': 0, 'like_count': 0, 'quote_count': 0}",b'RNU PROJECT TOPICS AND MATERIALS\nGet Complete Project Chapter 1-5 at https://t.co/ZRzox0bsRz\n#RNU #WednesdayThoughts #COVID19 #coronavirus #Educat'
